{"has_child":1,"home_url":"http:\/\/localhost\/nexo","root_flag":"custom","php_version":"8.2.12","mysql_version":"10.4.32","wp_version":"6.6.1","child_file":{"localhost_nexo_wpvivid-66d0805bbefba_2024-08-29-14-06_backup_db.zip":{"files":["localhost_nexo_wpvivid-66d0805bbefba_2024-08-29-14-06_backup_db.sql"],"tables":[{"name":"wp_ccew_coins","size":32768,"rows":"0"},{"name":"wp_e_events","size":32768,"rows":"6"},{"name":"wp_links","size":32768,"rows":"0"},{"name":"wp_term_relationships","size":32768,"rows":"36"},{"name":"wp_yoast_migrations","size":32768,"rows":"24"},{"name":"wp_commentmeta","size":49152,"rows":"0"},{"name":"wp_e_submissions_values","size":49152,"rows":"28"},{"name":"wp_term_taxonomy","size":49152,"rows":"10"},{"name":"wp_termmeta","size":49152,"rows":"0"},{"name":"wp_terms","size":49152,"rows":"11"},{"name":"wp_usermeta","size":49152,"rows":"30"},{"name":"wp_yoast_primary_term","size":49152,"rows":"0"},{"name":"wp_yoast_seo_links","size":49152,"rows":"26"},{"name":"wp_users","size":65536,"rows":"0"},{"name":"wp_yoast_indexable_hierarchy","size":65536,"rows":"29"},{"name":"wp_comments","size":98304,"rows":"0"},{"name":"wp_yoast_indexable","size":114688,"rows":"33"},{"name":"wp_e_submissions_actions_log","size":131072,"rows":"7"},{"name":"wp_e_submissions","size":311296,"rows":"7"},{"name":"wp_options","size":2375680,"rows":"294"},{"name":"wp_posts","size":10059776,"rows":"532"},{"name":"wp_postmeta","size":40665088,"rows":"4126"}],"dump_db":1,"file_type":"databases","home_url":"http:\/\/localhost\/nexo","root_flag":"custom","php_version":"8.2.12","mysql_version":"10.4.32","wp_version":"6.6.1","find_zero_date":1,"file":"localhost_nexo_wpvivid-66d0805bbefba_2024-08-29-14-06_backup_db.part001.zip"},"localhost_nexo_wpvivid-66d0805bbefba_2024-08-29-14-06_backup_themes.zip":{"file_type":"themes","root_flag":"wp-content","php_version":"8.2.12","mysql_version":"10.4.32","wp_version":"6.6.1","themes":{"twentytwentyfour":{"slug":"twentytwentyfour"},"twentytwentythree":{"slug":"twentytwentythree"},"twentytwentytwo":{"slug":"twentytwentytwo"}},"file":"localhost_nexo_wpvivid-66d0805bbefba_2024-08-29-14-06_backup_themes.part001.zip"},"localhost_nexo_wpvivid-66d0805bbefba_2024-08-29-14-06_backup_plugin.zip":{"file_type":"plugin","root_flag":"wp-content","php_version":"8.2.12","mysql_version":"10.4.32","wp_version":"6.6.1","plugin":{"akismet":{"slug":"akismet"},"anywhere-elementor":{"slug":"anywhere-elementor"},"cryptocurrency-widgets-for-elementor":{"slug":"cryptocurrency-widgets-for-elementor"},"elementor":{"slug":"elementor"},"header-footer-elementor":{"slug":"header-footer-elementor"},"elementor-pro":{"slug":"elementor-pro"},"elementskit-lite":{"slug":"elementskit-lite"},"envato-elements":{"slug":"envato-elements"},"exclusive-addons-for-elementor":{"slug":"exclusive-addons-for-elementor"},"skyboot-custom-icons-for-elementor":{"slug":"skyboot-custom-icons-for-elementor"},"wordpress-seo":{"slug":"wordpress-seo"}},"file":"localhost_nexo_wpvivid-66d0805bbefba_2024-08-29-14-06_backup_plugin.part001.zip"},"localhost_nexo_wpvivid-66d0805bbefba_2024-08-29-14-06_backup_uploads.zip":{"file_type":"upload","root_flag":"wp-content","php_version":"8.2.12","mysql_version":"10.4.32","wp_version":"6.6.1","file":"localhost_nexo_wpvivid-66d0805bbefba_2024-08-29-14-06_backup_uploads.part001.zip"},"localhost_nexo_wpvivid-66d0805bbefba_2024-08-29-14-06_backup_content.zip":{"file_type":"wp-content","root_flag":"wp-content","php_version":"8.2.12","mysql_version":"10.4.32","wp_version":"6.6.1","file":"localhost_nexo_wpvivid-66d0805bbefba_2024-08-29-14-06_backup_content.part001.zip"},"localhost_nexo_wpvivid-66d0805bbefba_2024-08-29-14-06_backup_core.zip":{"file_type":"wp-core","include_path":["wp-includes","wp-admin"],"wp_core":1,"root_flag":"root","home_url":"http:\/\/localhost\/nexo","file":"localhost_nexo_wpvivid-66d0805bbefba_2024-08-29-14-06_backup_core.part001.zip"}},"file":"localhost_nexo_wpvivid-66d0805bbefba_2024-08-29-14-06_backup_all.part001.zip"}